25206,"PS Lightwave, Inc","Houston, TX",2020-08-14T21:00:07.819430,11.1328035117487,39.558,765448351.643736,701659958.672178
25206,"PS Lightwave, Inc","Houston, TX",2020-08-14T22:00:02.493852,11.1328035117487,6.233,779234270.051719,603162722.077963
25206,"PS Lightwave, Inc","Houston, TX",2020-08-14T23:00:03.139904,11.1328035117487,5.495,784379514.398409,496481329.442336
25206,"PS Lightwave, Inc","Houston, TX",2020-08-15T00:00:02.893873,11.1328035117487,6.143,784996131.904871,397486703.801195
25206,"PS Lightwave, Inc","Houston, TX",2020-08-15T01:00:03.379353,11.1328035117487,6.176,799470843.477814,139531965.494522
25206,"PS Lightwave, Inc","Houston, TX",2020-08-15T02:00:02.489298,11.1328035117487,5.435,812432213.409503,420367216.114816
25206,"PS Lightwave, Inc","Houston, TX",2020-08-15T03:00:02.901787,11.1328035117487,7.514,838266475.453133,390881460.757819
25206,"PS Lightwave, Inc","Houston, TX",2020-08-15T04:00:02.393376,11.1328035117487,6.523,821997841.997136,557870434.868319
25206,"PS Lightwave, Inc","Houston, TX",2020-08-15T05:00:02.951540,11.1328035117487,5.655,799716784.83997,565565805.006114
1763,Comcast,"Houston, TX",2020-08-15T06:00:02.311198,11.1328035117487,11.668,751055396.788536,366434144.054636
25206,"PS Lightwave, Inc","Houston, TX",2020-08-15T07:00:03.303742,11.1328035117487,4.846,799987756.076015,636025698.916934
25206,"PS Lightwave, Inc","Houston, TX",2020-08-15T08:00:03.163040,11.1328035117487,6.042,770386646.40166,495883735.713502
25206,"PS Lightwave, Inc","Houston, TX",2020-08-15T09:00:02.945185,11.1328035117487,5.746,702161472.940972,523463725.187325
25206,"PS Lightwave, Inc","Houston, TX",2020-08-15T10:00:02.362375,11.1328035117487,7.249,771881889.666907,399487019.878451
25206,"PS Lightwave, Inc","Houston, TX",2020-08-15T11:00:03.411140,11.1328035117487,20.542,474099131.487878,138192453.626387
25206,"PS Lightwave, Inc","Houston, TX",2020-08-15T12:00:03.176885,11.1328035117487,4.999,832755215.067499,398995185.347025
25206,"PS Lightwave, Inc","Houston, TX",2020-08-15T13:00:03.223973,11.1328035117487,6.446,813693590.605405,466564566.263178
25206,"PS Lightwave, Inc","Houston, TX",2020-08-15T14:00:02.869114,11.1328035117487,7.965,734925906.033721,541670920.636467
25206,"PS Lightwave, Inc","Houston, TX",2020-08-15T15:00:03.381473,11.1328035117487,5.87,805997585.457178,526529808.014416
25206,"PS Lightwave, Inc","Houston, TX",2020-08-15T16:00:02.700670,11.1328035117487,5.441,841625361.753599,559925619.650505
25206,"PS Lightwave, Inc","Houston, TX",2020-08-15T17:00:02.731849,11.1328035117487,5.183,797979822.990655,390663031.732889
25206,"PS Lightwave, Inc","Houston, TX",2020-08-15T18:00:02.155908,11.1328035117487,6.191,830880836.244715,36727811.7840725
25206,"PS Lightwave, Inc","Houston, TX",2020-08-15T19:00:02.900038,11.1328035117487,5.622,799183250.56888,493942603.526298
25206,"PS Lightwave, Inc","Houston, TX",2020-08-15T20:00:03.192268,11.1328035117487,4.91,758423440.402277,411811891.450225
25206,"PS Lightwave, Inc","Houston, TX",2020-08-15T21:00:02.922228,11.1328035117487,9.449,778075716.675726,604061321.097711
25206,"PS Lightwave, Inc","Houston, TX",2020-08-15T22:00:03.121606,11.1328035117487,5.625,776382594.470514,667044214.123868
11772,En-Touch Systems Inc.,"Houston, TX",2020-08-15T23:00:03.473126,11.1328035117487,10.694,796843984.463437,540700592.124556
25206,"PS Lightwave, Inc","Houston, TX",2020-08-16T00:00:02.329399,11.1328035117487,5.219,805772486.086814,577365971.69879
25206,"PS Lightwave, Inc","Houston, TX",2020-08-16T01:00:03.661193,11.1328035117487,8.245,774674499.327512,399393346.759391
25206,"PS Lightwave, Inc","Houston, TX",2020-08-16T02:00:02.372761,11.1328035117487,6.332,816742180.944188,442451103.043905
25206,"PS Lightwave, Inc","Houston, TX",2020-08-16T03:00:02.643465,11.1328035117487,6.14,311907446.613788,673014072.068172
25206,"PS Lightwave, Inc","Houston, TX",2020-08-16T04:00:02.817950,11.1328035117487,5.834,827177202.452151,465975062.493328
25206,"PS Lightwave, Inc","Houston, TX",2020-08-16T05:00:03.350707,11.1328035117487,4.957,838477904.161782,389465378.944418
25206,"PS Lightwave, Inc","Houston, TX",2020-08-16T06:00:02.824681,11.1328035117487,5.557,782042495.892839,523859931.882125
25206,"PS Lightwave, Inc","Houston, TX",2020-08-16T07:00:03.027809,11.1328035117487,5.13,782500288.60978,39105567.9310778
25206,"PS Lightwave, Inc","Houston, TX",2020-08-16T08:00:03.193309,11.1328035117487,7.266,743437148.280685,401488150.11531
25206,"PS Lightwave, Inc","Houston, TX",2020-08-16T09:00:04.595302,11.1328035117487,5.424,759372338.068668,556135025.021561
25206,"PS Lightwave, Inc","Houston, TX",2020-08-16T10:00:02.131760,11.1328035117487,4.717,773743435.36178,495861831.118327
25206,"PS Lightwave, Inc","Houston, TX",2020-08-16T11:00:03.202757,11.1328035117487,6.148,360113867.551885,174701168.621916
25206,"PS Lightwave, Inc","Houston, TX",2020-08-16T12:00:02.923099,11.1328035117487,7.55,812642251.419467,470005859.729089
25206,"PS Lightwave, Inc","Houston, TX",2020-08-16T13:00:03.308312,11.1328035117487,4.916,791245948.318025,559952485.976381
25206,"PS Lightwave, Inc","Houston, TX",2020-08-16T14:00:02.760537,11.1328035117487,5.443,813430886.218569,604009316.78806
25206,"PS Lightwave, Inc","Houston, TX",2020-08-16T15:00:02.655599,11.1328035117487,6.339,826843452.669344,559076802.8421
26652,fdcservers.net,"Houston, TX",2020-08-16T16:00:03.221239,11.1328035117487,12.802,822149274.777065,497025657.179911
25206,"PS Lightwave, Inc","Houston, TX",2020-08-16T17:00:03.357912,11.1328035117487,6.795,781971175.531698,541222223.741736
25206,"PS Lightwave, Inc","Houston, TX",2020-08-16T18:00:02.486326,11.1328035117487,5.487,831497862.395693,496133376.117131
25206,"PS Lightwave, Inc","Houston, TX",2020-08-16T19:00:03.087518,11.1328035117487,8.344,859762200.237245,590678777.974549
25206,"PS Lightwave, Inc","Houston, TX",2020-08-16T20:00:03.466842,11.1328035117487,6.069,484475504.801674,360845247.957365
25206,"PS Lightwave, Inc","Houston, TX",2020-08-16T21:00:03.180866,11.1328035117487,5.312,854050487.686688,604183318.720559
25206,"PS Lightwave, Inc","Houston, TX",2020-08-16T22:00:03.251512,11.1328035117487,6.311,801041666.807108,557518425.850921
25206,"PS Lightwave, Inc","Houston, TX",2020-08-16T23:00:02.646549,11.1328035117487,7.926,769027702.61663,543423560.708347
25206,"PS Lightwave, Inc","Houston, TX",2020-08-17T00:00:02.214636,11.1328035117487,5.867,809105182.825411,558689106.779139
25206,"PS Lightwave, Inc","Houston, TX",2020-08-17T01:00:03.345962,11.1328035117487,5.499,801316808.930831,398870154.961077
25206,"PS Lightwave, Inc","Houston, TX",2020-08-17T02:00:03.030485,11.1328035117487,4.903,848748776.513633,595080461.400217
25206,"PS Lightwave, Inc","Houston, TX",2020-08-17T03:00:03.405072,11.1328035117487,5.326,778975185.519431,602518936.74824
25206,"PS Lightwave, Inc","Houston, TX",2020-08-17T04:00:02.526046,11.1328035117487,6.138,832558772.763955,4736010.85123098
25206,"PS Lightwave, Inc","Houston, TX",2020-08-17T05:00:03.313850,11.1328035117487,6.238,834055926.503856,555204273.738493
25206,"PS Lightwave, Inc","Houston, TX",2020-08-17T06:00:02.896317,11.1328035117487,7.821,770245128.453345,398810637.793695
25206,"PS Lightwave, Inc","Houston, TX",2020-08-17T07:00:02.885614,11.1328035117487,5.859,779025725.069478,495979304.106932
25206,"PS Lightwave, Inc","Houston, TX",2020-08-17T08:00:02.522257,11.1328035117487,6.33,840498700.387181,583805796.854049
1763,Comcast,"Houston, TX",2020-08-17T09:00:04.159630,11.1328035117487,11.477,602425575.03205,408970559.907688
1763,Comcast,"Houston, TX",2020-08-17T10:00:03.041556,11.1328035117487,14.819,437593693.028978,402941654.160608
25206,"PS Lightwave, Inc","Houston, TX",2020-08-17T11:00:02.812295,11.1328035117487,5.857,711846945.364835,343235277.666161
25206,"PS Lightwave, Inc","Houston, TX",2020-08-17T12:00:03.254692,11.1328035117487,5.347,827493873.83802,496770093.302035
25206,"PS Lightwave, Inc","Houston, TX",2020-08-17T13:00:02.772382,11.1328035117487,5.684,765263575.649447,549634812.194271
25206,"PS Lightwave, Inc","Houston, TX",2020-08-17T14:00:03.127341,11.1328035117487,5.18,841026688.455964,448536382.509004
25206,"PS Lightwave, Inc","Houston, TX",2020-08-17T15:00:02.733898,11.1328035117487,4.713,794796271.153343,415549580.308709
25206,"PS Lightwave, Inc","Houston, TX",2020-08-17T16:00:02.303249,11.1328035117487,5.029,820765481.821771,526815034.027054
25206,"PS Lightwave, Inc","Houston, TX",2020-08-17T17:00:02.868062,11.1328035117487,5.184,846717285.517813,137831264.709355
25206,"PS Lightwave, Inc","Houston, TX",2020-08-17T18:00:02.570283,11.1328035117487,5.49,797908903.341849,399749592.755957
25206,"PS Lightwave, Inc","Houston, TX",2020-08-17T19:00:03.028388,11.1328035117487,4.813,819353397.288299,626111980.494298
25206,"PS Lightwave, Inc","Houston, TX",2020-08-17T20:00:03.351826,11.1328035117487,4.856,785441042.066614,264945419.518973
26652,fdcservers.net,"Houston, TX",2020-08-17T21:00:03.518668,11.1328035117487,11.952,845551871.053208,171302521.755996
11772,En-Touch Systems Inc.,"Houston, TX",2020-08-17T22:00:03.195203,11.1328035117487,8.919,835499622.42586,494237332.153605
25206,"PS Lightwave, Inc","Houston, TX",2020-08-17T23:00:03.218275,11.1328035117487,5.088,832938213.87575,364641099.611429
25206,"PS Lightwave, Inc","Houston, TX",2020-08-18T00:00:02.258436,11.1328035117487,5.398,844209014.940222,511269656.633461
25206,"PS Lightwave, Inc","Houston, TX",2020-08-18T01:00:03.475808,11.1328035117487,5.743,796921973.599052,644703076.21228
25206,"PS Lightwave, Inc","Houston, TX",2020-08-18T02:00:02.802410,11.1328035117487,4.733,786677781.840124,559640357.288086
25206,"PS Lightwave, Inc","Houston, TX",2020-08-18T03:00:02.664706,11.1328035117487,4.699,816841551.646796,607997681.327889
25206,"PS Lightwave, Inc","Houston, TX",2020-08-18T04:00:03.107369,11.1328035117487,6.573,811501568.016939,419122518.70243
25206,"PS Lightwave, Inc","Houston, TX",2020-08-18T05:00:02.511501,11.1328035117487,5.687,795730365.863579,464689831.962354
25206,"PS Lightwave, Inc","Houston, TX",2020-08-18T06:00:03.091110,11.1328035117487,7.057,319034908.90449,555711569.694172
25206,"PS Lightwave, Inc","Houston, TX",2020-08-18T07:00:02.571132,11.1328035117487,5.454,849423941.037025,398656866.162286
25206,"PS Lightwave, Inc","Houston, TX",2020-08-18T08:00:03.107021,11.1328035117487,11.141,799555909.785551,559262759.092233
25206,"PS Lightwave, Inc","Houston, TX",2020-08-18T09:00:03.811375,11.1328035117487,4.868,820257378.24559,519285112.902104
25206,"PS Lightwave, Inc","Houston, TX",2020-08-18T10:00:02.842722,11.1328035117487,5.066,813177594.068402,142060131.791319
25206,"PS Lightwave, Inc","Houston, TX",2020-08-18T11:00:02.950432,11.1328035117487,15.035,759098099.714959,170506349.738098
25206,"PS Lightwave, Inc","Houston, TX",2020-08-18T12:00:02.380808,11.1328035117487,6.344,798531061.748941,524030883.617149
25206,"PS Lightwave, Inc","Houston, TX",2020-08-18T13:00:03.130551,11.1328035117487,5.662,846007960.022876,395434668.09626
25206,"PS Lightwave, Inc","Houston, TX",2020-08-18T14:00:02.526509,11.1328035117487,4.751,794638334.839056,648275556.424734
11772,En-Touch Systems Inc.,"Houston, TX",2020-08-18T15:00:02.542329,11.1328035117487,9.297,736044420.79372,542737938.943351
25206,"PS Lightwave, Inc","Houston, TX",2020-08-18T16:00:02.881002,11.1328035117487,6.024,805771540.754991,598886276.392461
25206,"PS Lightwave, Inc","Houston, TX",2020-08-18T17:00:02.742004,11.1328035117487,4.802,790081512.064727,399190313.633592
25206,"PS Lightwave, Inc","Houston, TX",2020-08-18T18:00:02.539275,11.1328035117487,5.292,834342360.917374,676984738.663781
25206,"PS Lightwave, Inc","Houston, TX",2020-08-18T19:00:02.938864,11.1328035117487,5.538,484096326.93029,420939493.775375
25206,"PS Lightwave, Inc","Houston, TX",2020-08-18T20:00:03.749393,11.1328035117487,5.752,834088845.817128,461218077.110641
25206,"PS Lightwave, Inc","Houston, TX",2020-08-18T21:00:02.365786,11.1328035117487,5.276,806585156.811194,560071952.638773
25206,"PS Lightwave, Inc","Houston, TX",2020-08-18T22:00:02.681216,11.1328035117487,5.326,830949746.027451,603112415.386746
25206,"PS Lightwave, Inc","Houston, TX",2020-08-18T23:00:03.281051,11.1328035117487,5.298,713478241.423138,603327280.476709
25206,"PS Lightwave, Inc","Houston, TX",2020-08-19T00:00:03.160339,11.1328035117487,4.868,853318384.686997,555821632.242105
25206,"PS Lightwave, Inc","Houston, TX",2020-08-19T01:00:03.903470,11.1328035117487,6.18,796872506.283097,420993017.946895
25206,"PS Lightwave, Inc","Houston, TX",2020-08-19T02:00:02.509384,11.1328035117487,8.282,801223889.947977,399142594.981841
25206,"PS Lightwave, Inc","Houston, TX",2020-08-19T03:00:02.990090,11.1328035117487,5.159,841825642.074707,7128401.01401662
25206,"PS Lightwave, Inc","Houston, TX",2020-08-19T04:00:03.152527,11.1328035117487,5.511,799885363.445051,559702808.340518
25206,"PS Lightwave, Inc","Houston, TX",2020-08-19T05:00:02.929330,11.1328035117487,5.056,773154588.923979,460644338.489435
25206,"PS Lightwave, Inc","Houston, TX",2020-08-19T06:00:02.312668,11.1328035117487,8.083,868226128.356692,603041136.226409
25206,"PS Lightwave, Inc","Houston, TX",2020-08-19T07:00:03.474218,11.1328035117487,6.681,818200290.858797,453863059.374526
11772,En-Touch Systems Inc.,"Houston, TX",2020-08-19T08:00:02.788631,11.1328035117487,10.714,746328466.435353,559687127.82977
11772,En-Touch Systems Inc.,"Houston, TX",2020-08-19T09:00:03.412529,11.1328035117487,8.796,841212465.284027,381524505.185131
25206,"PS Lightwave, Inc","Houston, TX",2020-08-19T10:00:02.385056,11.1328035117487,5.422,811154239.122276,653295539.120016
25206,"PS Lightwave, Inc","Houston, TX",2020-08-19T11:00:03.270390,11.1328035117487,5.783,267331382.7775,185541845.10636
25206,"PS Lightwave, Inc","Houston, TX",2020-08-19T12:00:02.459898,11.1328035117487,5.235,778587168.444274,420270838.881149
25206,"PS Lightwave, Inc","Houston, TX",2020-08-19T13:00:02.992422,11.1328035117487,8.424,809298674.724747,465210527.054098
25206,"PS Lightwave, Inc","Houston, TX",2020-08-19T14:00:02.603023,11.1328035117487,6.289,732065636.489783,559705997.704467
25206,"PS Lightwave, Inc","Houston, TX",2020-08-19T15:00:02.623825,11.1328035117487,6.635,761192059.058805,601353270.839305
25206,"PS Lightwave, Inc","Houston, TX",2020-08-19T16:00:02.983421,11.1328035117487,5.374,799649652.598403,525097303.304375
25206,"PS Lightwave, Inc","Houston, TX",2020-08-19T17:00:03.409905,11.1328035117487,7.852,155491343.507504,526481359.711322
25206,"PS Lightwave, Inc","Houston, TX",2020-08-19T18:00:02.813007,11.1328035117487,5.32,824347230.788472,601693097.709759
25206,"PS Lightwave, Inc","Houston, TX",2020-08-19T19:00:03.397350,11.1328035117487,4.819,840956921.022642,432104643.110025
25206,"PS Lightwave, Inc","Houston, TX",2020-08-19T20:00:03.881117,11.1328035117487,5.567,809815821.983824,393151897.34547
25206,"PS Lightwave, Inc","Houston, TX",2020-08-19T21:00:02.854375,11.1328035117487,6.205,870514726.733023,601451158.086213
11772,En-Touch Systems Inc.,"Houston, TX",2020-08-19T22:00:02.650890,11.1328035117487,9.963,821827042.804798,469084073.856198
25206,"PS Lightwave, Inc","Houston, TX",2020-08-19T23:00:02.909533,11.1328035117487,5.779,822800559.455022,421428030.252419
25206,"PS Lightwave, Inc","Houston, TX",2020-08-20T00:00:02.359380,11.1328035117487,9.036,820109873.131614,542153776.121424
25206,"PS Lightwave, Inc","Houston, TX",2020-08-20T01:00:03.750124,11.1328035117487,7.014,843068496.596324,494830754.165285
25206,"PS Lightwave, Inc","Houston, TX",2020-08-20T02:00:03.338769,11.1328035117487,5.247,676959666.260232,598218183.199347
25206,"PS Lightwave, Inc","Houston, TX",2020-08-20T03:00:02.503127,11.1328035117487,4.838,839561433.404319,420135865.16883
25206,"PS Lightwave, Inc","Houston, TX",2020-08-20T04:00:02.841382,11.1328035117487,8.359,817235970.129118,653555265.794358
25206,"PS Lightwave, Inc","Houston, TX",2020-08-20T05:00:03.231130,11.1328035117487,5.966,752098379.644887,461962655.401929
25206,"PS Lightwave, Inc","Houston, TX",2020-08-20T06:00:03.162790,11.1328035117487,5.562,775077693.007916,398387108.377812
25206,"PS Lightwave, Inc","Houston, TX",2020-08-20T07:00:03.115768,11.1328035117487,5.044,784236167.365482,655416323.053728
25206,"PS Lightwave, Inc","Houston, TX",2020-08-20T08:00:02.814084,11.1328035117487,6.003,837021917.089573,604340687.894575
25206,"PS Lightwave, Inc","Houston, TX",2020-08-20T09:00:02.962192,11.1328035117487,6.755,817913385.656139,524675633.40073
25206,"PS Lightwave, Inc","Houston, TX",2020-08-20T10:00:02.844861,11.1328035117487,5.716,742476942.782114,238606734.155347
25206,"PS Lightwave, Inc","Houston, TX",2020-08-20T11:00:08.099096,11.1328035117487,10.7,697460655.817916,168323967.768876
25206,"PS Lightwave, Inc","Houston, TX",2020-08-20T12:00:02.831520,11.1328035117487,6.117,793814360.958403,516899202.85152
25206,"PS Lightwave, Inc","Houston, TX",2020-08-20T13:00:02.468054,11.1328035117487,4.502,814161259.675526,546223450.019289
25206,"PS Lightwave, Inc","Houston, TX",2020-08-20T14:00:02.980698,11.1328035117487,5.563,824164476.136166,600084546.547509
11772,En-Touch Systems Inc.,"Houston, TX",2020-08-20T15:00:02.242460,11.1328035117487,8.421,815099083.03223,76946789.7119084
25206,"PS Lightwave, Inc","Houston, TX",2020-08-20T16:00:02.750352,11.1328035117487,5.364,822865720.032999,366235917.867267
25206,"PS Lightwave, Inc","Houston, TX",2020-08-20T17:00:02.298674,11.1328035117487,6.067,820769012.860294,603543534.89704
25206,"PS Lightwave, Inc","Houston, TX",2020-08-20T18:00:02.922489,11.1328035117487,5.507,788045260.628884,464824341.624071
25206,"PS Lightwave, Inc","Houston, TX",2020-08-20T19:00:02.583320,11.1328035117487,6.011,804077108.405052,395073222.562652
25206,"PS Lightwave, Inc","Houston, TX",2020-08-20T20:00:03.656273,11.1328035117487,6.077,841566528.504031,397500779.023961
25206,"PS Lightwave, Inc","Houston, TX",2020-08-20T21:00:03.241002,11.1328035117487,5.292,815070063.759674,542272004.95396
25206,"PS Lightwave, Inc","Houston, TX",2020-08-20T22:00:02.974271,11.1328035117487,7.591,864449592.50243,496030024.566695
25206,"PS Lightwave, Inc","Houston, TX",2020-08-20T23:00:02.132510,11.1328035117487,5.488,756009150.050817,494873344.396182
25206,"PS Lightwave, Inc","Houston, TX",2020-08-21T00:00:02.980195,11.1328035117487,4.903,805994795.176358,559282927.259915
25206,"PS Lightwave, Inc","Houston, TX",2020-08-21T01:00:03.209969,11.1328035117487,5.571,839913234.802284,399676259.826248
25206,"PS Lightwave, Inc","Houston, TX",2020-08-21T02:00:03.740560,11.1328035117487,7.453,837383384.914724,655072825.287012
25206,"PS Lightwave, Inc","Houston, TX",2020-08-21T03:00:03.060867,11.1328035117487,6.312,669130176.879357,603583713.502157
25206,"PS Lightwave, Inc","Houston, TX",2020-08-21T04:00:03.476364,7.85036775965924,4.782,783958131.317138,418493494.519167
25206,"PS Lightwave, Inc","Houston, TX",2020-08-21T05:00:02.723111,7.85036775965924,5.111,793045064.096677,511123772.728104
25206,"PS Lightwave, Inc","Houston, TX",2020-08-21T06:00:03.298647,7.85036775965924,6.272,744617299.616849,559979354.88058
25206,"PS Lightwave, Inc","Houston, TX",2020-08-21T07:00:02.516556,7.85036775965924,5.967,812352216.047381,72470804.2013291
25206,"PS Lightwave, Inc","Houston, TX",2020-08-21T08:00:02.671207,7.85036775965924,4.896,789371229.875776,491472125.370997
25206,"PS Lightwave, Inc","Houston, TX",2020-08-21T09:00:03.444213,7.85036775965924,7.601,807966131.352157,603591749.865126
25206,"PS Lightwave, Inc","Houston, TX",2020-08-21T10:00:02.883958,7.85036775965924,5.877,824956470.286089,550454151.244056
31868,Southern Broadband,"Houston, TX",2020-08-21T11:00:03.255575,7.57863430668613,17.411,205727892.41,151585216.008535
31868,Southern Broadband,"Houston, TX",2020-08-21T12:00:03.297877,7.57863430668613,20.276,471904867.686047,383942706.466038
25206,"PS Lightwave, Inc","Houston, TX",2020-08-21T13:00:02.835900,7.85036775965924,6.629,823757118.739765,623127969.777067
25206,"PS Lightwave, Inc","Houston, TX",2020-08-21T14:00:03.543462,7.85036775965924,5.593,826352752.979196,496684056.774844
25206,"PS Lightwave, Inc","Houston, TX",2020-08-21T15:00:02.531382,7.85036775965924,5.426,888699138.64032,526129553.999938
25206,"PS Lightwave, Inc","Houston, TX",2020-08-21T16:00:02.958524,7.85036775965924,5.592,730520366.697778,4220758.20051459
25206,"PS Lightwave, Inc","Houston, TX",2020-08-21T17:00:02.442832,7.85036775965924,5.13,847515327.173065,573149064.025473
25206,"PS Lightwave, Inc","Houston, TX",2020-08-21T18:00:02.893785,7.85036775965924,6.088,862978315.26047,523935146.217973
25206,"PS Lightwave, Inc","Houston, TX",2020-08-21T19:00:02.262211,7.85036775965924,6.709,786955090.653717,559835463.402108
25206,"PS Lightwave, Inc","Houston, TX",2020-08-21T20:00:03.836934,7.85036775965924,7.426,819994041.439367,602436096.888436
11772,En-Touch Systems Inc.,"Houston, TX",2020-08-21T21:00:02.432784,7.85036775965924,9.408,779590411.201208,485263921.809429
25206,"PS Lightwave, Inc","Houston, TX",2020-08-21T22:00:03.379368,7.85036775965924,5.235,780935382.344221,602801810.935173
25206,"PS Lightwave, Inc","Houston, TX",2020-08-21T23:00:02.622504,7.85036775965924,5.694,823479385.954971,399096103.92751
25206,"PS Lightwave, Inc","Houston, TX",2020-08-22T00:00:02.959754,7.85036775965924,9.541,832179021.798929,466000670.124428
25206,"PS Lightwave, Inc","Houston, TX",2020-08-22T01:00:03.225221,7.85036775965924,5.842,689622423.864064,554523056.8845
25206,"PS Lightwave, Inc","Houston, TX",2020-08-22T02:00:02.645125,7.85036775965924,5.782,791317056.004387,551695755.258754
25206,"PS Lightwave, Inc","Houston, TX",2020-08-22T03:00:02.980154,7.85036775965924,5.589,796283485.36057,398545388.47907
25206,"PS Lightwave, Inc","Houston, TX",2020-08-22T04:00:03.585187,7.85036775965924,5.389,827027646.452367,466292685.493554
25206,"PS Lightwave, Inc","Houston, TX",2020-08-22T05:00:03.068644,7.85036775965924,5.358,748260427.098391,523409098.972288
25206,"PS Lightwave, Inc","Houston, TX",2020-08-22T06:00:02.638985,7.85036775965924,4.543,845974249.476013,442764066.304321
25206,"PS Lightwave, Inc","Houston, TX",2020-08-22T07:00:02.992935,7.85036775965924,7.276,900194305.722227,529275755.155062
25206,"PS Lightwave, Inc","Houston, TX",2020-08-22T08:00:03.727243,7.85036775965924,5.45,814031568.367872,408264681.118333
25206,"PS Lightwave, Inc","Houston, TX",2020-08-22T09:00:02.829428,7.85036775965924,5.276,811680140.22951,5130622.0264499
25206,"PS Lightwave, Inc","Houston, TX",2020-08-22T10:00:03.267718,7.85036775965924,6.526,838419714.813511,601098422.576433
25206,"PS Lightwave, Inc","Houston, TX",2020-08-22T11:00:03.153039,7.85036775965924,7.425,580293602.841018,162112823.945131
25206,"PS Lightwave, Inc","Houston, TX",2020-08-22T12:00:02.849233,7.85036775965924,4.66,856721209.513047,494918020.076711
25206,"PS Lightwave, Inc","Houston, TX",2020-08-22T13:00:03.010727,7.85036775965924,5.678,805713218.071701,529974229.157335
11772,En-Touch Systems Inc.,"Houston, TX",2020-08-22T14:00:03.218342,7.85036775965924,7.728,778129313.262927,708426072.052026
25206,"PS Lightwave, Inc","Houston, TX",2020-08-22T15:00:03.131231,7.85036775965924,5.321,840140345.036111,496239486.739895
25206,"PS Lightwave, Inc","Houston, TX",2020-08-22T16:00:03.232652,7.85036775965924,5.489,827236531.850907,466189221.537396
25206,"PS Lightwave, Inc","Houston, TX",2020-08-22T17:00:02.865567,7.85036775965924,5.265,856008846.795671,598947750.192017
31868,Southern Broadband,"Houston, TX",2020-08-22T18:00:03.254044,7.57863430668613,19.993,613549598.013326,310811500.011437
25206,"PS Lightwave, Inc","Houston, TX",2020-08-22T19:00:02.701013,7.85036775965924,5.613,762684480.218685,420192930.042691
25206,"PS Lightwave, Inc","Houston, TX",2020-08-22T20:00:03.578764,7.85036775965924,6.486,755192381.078252,280921452.435064
25206,"PS Lightwave, Inc","Houston, TX",2020-08-22T21:00:02.904492,7.85036775965924,5.542,812144104.547752,558837973.566617
25206,"PS Lightwave, Inc","Houston, TX",2020-08-22T22:00:03.606552,7.85036775965924,8.061,693711991.268932,596222817.359992
25206,"PS Lightwave, Inc","Houston, TX",2020-08-22T23:00:02.555744,7.85036775965924,5.127,788372262.862422,398893372.821601
25206,"PS Lightwave, Inc","Houston, TX",2020-08-23T00:00:03.208764,7.85036775965924,5.007,809575177.336144,490335764.181467
25206,"PS Lightwave, Inc","Houston, TX",2020-08-23T01:00:03.150280,7.85036775965924,4.98,834949873.372436,543677730.159367
25206,"PS Lightwave, Inc","Houston, TX",2020-08-23T02:00:03.396155,7.85036775965924,6.241,848005313.363593,77242678.5084566
25206,"PS Lightwave, Inc","Houston, TX",2020-08-23T03:00:02.798209,7.85036775965924,5.371,826757059.21313,594179308.403151
25206,"PS Lightwave, Inc","Houston, TX",2020-08-23T04:00:02.915231,7.85036775965924,5.887,874896771.634075,652749230.068307
25206,"PS Lightwave, Inc","Houston, TX",2020-08-23T05:00:03.144382,7.85036775965924,6.245,848069239.060649,588712725.217393
25206,"PS Lightwave, Inc","Houston, TX",2020-08-23T06:00:03.537761,7.85036775965924,5.495,858196839.142054,633297978.357654
11772,En-Touch Systems Inc.,"Houston, TX",2020-08-23T07:00:03.104552,7.85036775965924,8.555,687192000.69051,590915978.149595
25206,"PS Lightwave, Inc","Houston, TX",2020-08-23T08:00:03.017977,7.85036775965924,5.83,840021406.356306,186474862.565721
25206,"PS Lightwave, Inc","Houston, TX",2020-08-23T09:00:04.521651,7.85036775965924,6.722,810771506.053594,442660804.32998
25206,"PS Lightwave, Inc","Houston, TX",2020-08-23T10:00:02.735712,7.85036775965924,5.159,841603962.2053,462806296.747676
25206,"PS Lightwave, Inc","Houston, TX",2020-08-23T11:00:03.237819,7.85036775965924,5.437,247015477.943892,399010583.27591
25206,"PS Lightwave, Inc","Houston, TX",2020-08-23T12:00:03.279441,7.85036775965924,6.141,747202325.319237,630605025.346619
25206,"PS Lightwave, Inc","Houston, TX",2020-08-23T13:00:03.090970,7.85036775965924,5.534,760254095.135476,419245210.160638
25206,"PS Lightwave, Inc","Houston, TX",2020-08-23T14:00:02.920707,7.85036775965924,5.147,834710850.483884,390178076.293261
25206,"PS Lightwave, Inc","Houston, TX",2020-08-23T15:00:02.506926,7.85036775965924,5.177,790863781.211261,136120854.100738
25206,"PS Lightwave, Inc","Houston, TX",2020-08-23T16:00:03.216394,7.85036775965924,6.698,774462711.068417,542410003.780826
25206,"PS Lightwave, Inc","Houston, TX",2020-08-23T17:00:02.360636,7.85036775965924,5.66,777939510.556294,465631382.204946
25206,"PS Lightwave, Inc","Houston, TX",2020-08-23T18:00:03.270582,7.85036775965924,5.643,857594337.549325,602664654.664198
25206,"PS Lightwave, Inc","Houston, TX",2020-08-23T19:00:02.642767,7.85036775965924,5.791,827573490.909345,495972208.244265
11772,En-Touch Systems Inc.,"Houston, TX",2020-08-23T20:00:04.384973,7.85036775965924,13.712,868697069.400325,538789044.347275
25206,"PS Lightwave, Inc","Houston, TX",2020-08-23T21:00:02.315947,7.85036775965924,4.717,872730134.106588,494544447.36203
25206,"PS Lightwave, Inc","Houston, TX",2020-08-23T22:00:02.589961,7.85036775965924,5.693,842112482.740432,528231134.29487
25206,"PS Lightwave, Inc","Houston, TX",2020-08-23T23:00:02.545143,7.85036775965924,4.695,850440599.764204,550845944.177714
25206,"PS Lightwave, Inc","Houston, TX",2020-08-24T00:00:03.348849,7.85036775965924,5.277,705058271.673348,602370210.813787
25206,"PS Lightwave, Inc","Houston, TX",2020-08-24T01:00:03.191313,7.85036775965924,5.419,760798417.328323,493145308.593657
25206,"PS Lightwave, Inc","Houston, TX",2020-08-24T02:00:03.428864,7.85036775965924,5.719,848820944.336907,603532100.425749
25206,"PS Lightwave, Inc","Houston, TX",2020-08-24T03:00:02.937272,7.85036775965924,4.807,851992141.943219,419982720.387856
25206,"PS Lightwave, Inc","Houston, TX",2020-08-24T04:00:03.438378,7.85036775965924,5.214,768331288.963386,3599292.63675572
25206,"PS Lightwave, Inc","Houston, TX",2020-08-24T05:00:02.731167,7.85036775965924,5.755,744334171.839163,542968705.074568
25206,"PS Lightwave, Inc","Houston, TX",2020-08-24T06:00:02.587155,7.85036775965924,5.816,839672696.647243,547306464.296152
25206,"PS Lightwave, Inc","Houston, TX",2020-08-24T07:00:03.222331,7.85036775965924,7.622,831941632.87434,23214194.3336816
25206,"PS Lightwave, Inc","Houston, TX",2020-08-24T08:00:03.651372,7.85036775965924,5.823,744875033.376092,441604188.177222
11772,En-Touch Systems Inc.,"Houston, TX",2020-08-24T09:00:03.110578,7.85036775965924,9.177,827200614.380526,486965034.235673
25206,"PS Lightwave, Inc","Houston, TX",2020-08-24T10:00:03.200961,7.85036775965924,5.255,779750212.168145,565038199.672807
25206,"PS Lightwave, Inc","Houston, TX",2020-08-24T11:00:02.736932,7.85036775965924,6.109,245509617.285497,214349162.604166
25206,"PS Lightwave, Inc","Houston, TX",2020-08-24T12:00:03.236142,7.85036775965924,5.824,803420576.266185,526175823.542038
25206,"PS Lightwave, Inc","Houston, TX",2020-08-24T13:00:02.261046,7.85036775965924,5.278,194336481.096681,247028290.087857
11772,En-Touch Systems Inc.,"Houston, TX",2020-08-24T14:00:03.349892,7.85036775965924,10.124,842662867.726791,398716202.562792
25206,"PS Lightwave, Inc","Houston, TX",2020-08-24T15:00:03.297135,7.85036775965924,5.824,842044031.967688,430336446.422598
25206,"PS Lightwave, Inc","Houston, TX",2020-08-24T16:00:03.133151,7.85036775965924,5.791,817103013.027171,419080048.118857
25206,"PS Lightwave, Inc","Houston, TX",2020-08-24T17:00:02.871292,7.85036775965924,5.165,810933096.568561,579175441.024283
11772,En-Touch Systems Inc.,"Houston, TX",2020-08-24T18:00:03.215917,7.85036775965924,6.433,816302248.694791,421461031.499137
11772,En-Touch Systems Inc.,"Houston, TX",2020-08-24T19:00:02.546658,7.85036775965924,6.419,819194736.128549,559609269.832708
25206,"PS Lightwave, Inc","Houston, TX",2020-08-24T20:00:03.916236,7.85036775965924,5.55,822324146.203411,603293311.728176
25206,"PS Lightwave, Inc","Houston, TX",2020-08-24T21:00:03.084089,7.85036775965924,6.133,757970917.653119,547334166.544789
25206,"PS Lightwave, Inc","Houston, TX",2020-08-24T22:00:03.494524,7.85036775965924,6.082,820020768.925652,432222215.490517
25206,"PS Lightwave, Inc","Houston, TX",2020-08-24T23:00:03.281509,7.85036775965924,4.492,620072944.676378,496394556.681318
25206,"PS Lightwave, Inc","Houston, TX",2020-08-25T00:00:03.335884,7.85036775965924,6.385,799276906.013162,603441258.131733
25206,"PS Lightwave, Inc","Houston, TX",2020-08-25T01:00:03.524416,7.85036775965924,9.204,791873458.74621,419132653.306642
25206,"PS Lightwave, Inc","Houston, TX",2020-08-25T02:00:03.505982,7.85036775965924,5.3,809107756.389759,559814191.825263
25206,"PS Lightwave, Inc","Houston, TX",2020-08-25T03:00:03.143928,7.85036775965924,39.314,796167779.178238,542697206.472104
25206,"PS Lightwave, Inc","Houston, TX",2020-08-25T04:00:02.816048,7.85036775965924,5.654,795507877.346445,643224703.648435
25206,"PS Lightwave, Inc","Houston, TX",2020-08-25T05:00:02.475276,7.85036775965924,8.502,793201634.796203,421068215.333116
25206,"PS Lightwave, Inc","Houston, TX",2020-08-25T06:00:02.663165,7.85036775965924,5.375,847894918.946668,529758421.819576
25206,"PS Lightwave, Inc","Houston, TX",2020-08-25T07:00:03.276544,7.85036775965924,5.886,821564024.050578,530504727.683147
25206,"PS Lightwave, Inc","Houston, TX",2020-08-25T08:00:03.130755,7.85036775965924,40.522,785755368.332063,555429275.234849
25206,"PS Lightwave, Inc","Houston, TX",2020-08-25T09:00:04.028146,7.85036775965924,5.814,728526083.460106,560291861.927806
25206,"PS Lightwave, Inc","Houston, TX",2020-08-25T10:00:03.276776,7.85036775965924,4.533,813566842.986836,601604036.383746
25206,"PS Lightwave, Inc","Houston, TX",2020-08-25T11:00:02.560255,7.85036775965924,6.018,255763793.829951,222876942.691264
11772,En-Touch Systems Inc.,"Houston, TX",2020-08-25T12:00:02.810795,7.85036775965924,8.113,739730401.052715,558631382.646617
11772,En-Touch Systems Inc.,"Houston, TX",2020-08-25T13:00:02.416556,7.85036775965924,10.046,873947983.3174,399010042.977585
25206,"PS Lightwave, Inc","Houston, TX",2020-08-25T14:00:03.348954,7.85036775965924,5.096,817157697.639114,398770564.811363
25206,"PS Lightwave, Inc","Houston, TX",2020-08-25T15:00:02.926052,7.85036775965924,5.964,883785688.339171,481109322.603109
25206,"PS Lightwave, Inc","Houston, TX",2020-08-25T16:00:03.574642,7.85036775965924,7.804,819199035.343719,399250890.846845
25206,"PS Lightwave, Inc","Houston, TX",2020-08-25T17:00:03.014588,7.85036775965924,4.647,615198397.182164,534388650.702183
25206,"PS Lightwave, Inc","Houston, TX",2020-08-25T18:00:03.873374,7.85036775965924,6.45,747656727.265626,331793022.826778
25206,"PS Lightwave, Inc","Houston, TX",2020-08-25T19:00:03.905392,7.85036775965924,5.694,672311247.043,476235416.580318
25206,"PS Lightwave, Inc","Houston, TX",2020-08-25T20:00:05.152825,7.85036775965924,6.475,545938273.239943,197469727.652508
25206,"PS Lightwave, Inc","Houston, TX",2020-08-25T21:00:02.742786,7.85036775965924,5.048,804427258.123655,139394095.444804
25206,"PS Lightwave, Inc","Houston, TX",2020-08-25T22:00:03.048630,7.85036775965924,5.92,854258107.238233,646618264.862517
25206,"PS Lightwave, Inc","Houston, TX",2020-08-25T23:00:02.490539,7.85036775965924,6.552,794870364.223459,465849828.301988
25206,"PS Lightwave, Inc","Houston, TX",2020-08-26T00:00:03.411266,7.85036775965924,6.151,829992818.323202,519960432.00583
25206,"PS Lightwave, Inc","Houston, TX",2020-08-26T01:00:04.379600,7.85036775965924,6.463,665539649.777184,71588575.0306838
25206,"PS Lightwave, Inc","Houston, TX",2020-08-26T02:00:03.854474,7.85036775965924,4.95,720305856.902986,345249658.529604
25206,"PS Lightwave, Inc","Houston, TX",2020-08-26T03:00:04.145075,7.85036775965924,8.169,780997188.784336,376668899.916264
25206,"PS Lightwave, Inc","Houston, TX",2020-08-26T04:00:03.286708,7.85036775965924,4.831,844824647.108947,451020590.77181
25206,"PS Lightwave, Inc","Houston, TX",2020-08-26T05:00:02.610114,7.85036775965924,4.653,861087985.703016,399238449.383355
11772,En-Touch Systems Inc.,"Houston, TX",2020-08-26T06:00:03.435535,7.85036775965924,8.591,607657307.580851,136809241.717388
10151,CenturyLink,"Houston, TX",2020-08-26T07:00:04.384837,7.85036775965924,16.673,658979185.960617,319210325.260306
25206,"PS Lightwave, Inc","Houston, TX",2020-08-26T08:00:04.344444,7.85036775965924,5.818,746841410.19718,446865967.095674
25206,"PS Lightwave, Inc","Houston, TX",2020-08-26T09:00:06.061958,7.85036775965924,6.215,720784588.228117,408535808.157941
25206,"PS Lightwave, Inc","Houston, TX",2020-08-26T10:00:03.584568,7.85036775965924,8.57,760981928.408961,420252108.157401
25206,"PS Lightwave, Inc","Houston, TX",2020-08-26T11:00:02.548480,7.85036775965924,5.495,302675575.106384,108459839.977904
25206,"PS Lightwave, Inc","Houston, TX",2020-08-26T12:00:02.824739,7.85036775965924,6.505,842147331.865492,463494221.238216
25206,"PS Lightwave, Inc","Houston, TX",2020-08-26T13:00:03.671992,7.85036775965924,4.804,678460149.680987,456708842.774201
25206,"PS Lightwave, Inc","Houston, TX",2020-08-26T14:00:04.255153,7.85036775965924,8.554,722733119.9172,345189902.159353
25206,"PS Lightwave, Inc","Houston, TX",2020-08-26T15:00:04.344407,7.85036775965924,6.931,737667520.825863,241460168.71941
25206,"PS Lightwave, Inc","Houston, TX",2020-08-26T16:00:02.770822,7.85036775965924,4.897,774018328.080726,466583035.378156
25206,"PS Lightwave, Inc","Houston, TX",2020-08-26T17:00:02.642646,7.85036775965924,5.279,801779808.531328,559799568.55384
25206,"PS Lightwave, Inc","Houston, TX",2020-08-26T18:00:03.630037,7.85036775965924,6.238,732879492.746712,398991943.829218
25206,"PS Lightwave, Inc","Houston, TX",2020-08-26T19:00:04.416290,7.85036775965924,4.6,657827591.75241,286023206.750319
31868,Southern Broadband,"Houston, TX",2020-08-26T20:00:05.324899,7.57863430668613,17.511,464488380.388828,323667721.134349
25206,"PS Lightwave, Inc","Houston, TX",2020-08-26T21:00:03.769710,7.85036775965924,8.375,734609553.017421,414349958.158457
25206,"PS Lightwave, Inc","Houston, TX",2020-08-26T22:00:02.908012,7.85036775965924,5.889,822918417.941866,465373816.692622
25206,"PS Lightwave, Inc","Houston, TX",2020-08-26T23:00:02.342467,7.85036775965924,5.428,778830671.530504,199707162.318532
25206,"PS Lightwave, Inc","Houston, TX",2020-08-27T00:00:03.282839,7.85036775965924,5.564,810344386.466246,233099773.713658
25206,"PS Lightwave, Inc","Houston, TX",2020-08-27T01:00:04.117131,7.85036775965924,8.296,725327514.151072,257802236.337624
25206,"PS Lightwave, Inc","Houston, TX",2020-08-27T02:00:03.485958,7.85036775965924,6.33,709883360.973162,272798139.227238
25206,"PS Lightwave, Inc","Houston, TX",2020-08-27T03:00:03.740536,7.85036775965924,7.881,734985441.819858,491616642.715517
25206,"PS Lightwave, Inc","Houston, TX",2020-08-27T04:00:04.509808,7.85036775965924,5.29,776806897.085905,77133852.7768167
25206,"PS Lightwave, Inc","Houston, TX",2020-08-27T05:00:03.078787,7.85036775965924,5.792,849466279.550638,601121414.454065
25206,"PS Lightwave, Inc","Houston, TX",2020-08-27T06:00:02.751709,7.85036775965924,7.134,795185149.260379,548894070.678157
25206,"PS Lightwave, Inc","Houston, TX",2020-08-27T07:00:03.964968,7.85036775965924,7.039,739582917.369497,412081700.91923
25206,"PS Lightwave, Inc","Houston, TX",2020-08-27T08:00:04.136788,7.85036775965924,8.058,634634154.498267,137675213.513661
25206,"PS Lightwave, Inc","Houston, TX",2020-08-27T09:00:04.800396,7.85036775965924,4.626,697510415.392545,427892475.838085
25206,"PS Lightwave, Inc","Houston, TX",2020-08-27T10:00:03.451877,7.85036775965924,5.731,761948950.231346,392959482.049882
25206,"PS Lightwave, Inc","Houston, TX",2020-08-27T11:00:02.530122,7.85036775965924,5.099,359026482.124176,338547398.149649
25206,"PS Lightwave, Inc","Houston, TX",2020-08-27T12:00:03.213879,7.85036775965924,6.766,796910507.730462,602437328.541069
10151,CenturyLink,"Houston, TX",2020-08-27T13:00:03.139904,7.85036775965924,17.314,605260295.003394,366593814.519754
25206,"PS Lightwave, Inc","Houston, TX",2020-08-27T14:00:03.584371,7.85036775965924,5.313,749742500.908318,460174408.675935
25206,"PS Lightwave, Inc","Houston, TX",2020-08-27T15:00:04.151794,7.85036775965924,6.892,629002111.471929,408243894.481331
25206,"PS Lightwave, Inc","Houston, TX",2020-08-27T16:00:04.056698,7.85036775965924,6.57,750970524.626949,347824735.850912
25206,"PS Lightwave, Inc","Houston, TX",2020-08-27T17:00:03.079708,7.85036775965924,4.57,744179404.078658,495902095.3411
25206,"PS Lightwave, Inc","Houston, TX",2020-08-27T18:00:02.571206,7.85036775965924,4.641,795661320.278354,525175915.37841
25206,"PS Lightwave, Inc","Houston, TX",2020-08-27T19:00:03.007008,7.85036775965924,6.313,806116592.362536,490948271.327695
25206,"PS Lightwave, Inc","Houston, TX",2020-08-27T20:00:05.654228,7.85036775965924,6.666,570514366.074508,476201360.788971
25206,"PS Lightwave, Inc","Houston, TX",2020-08-27T21:00:03.729982,7.85036775965924,6.395,625755944.006065,313053080.110168
25206,"PS Lightwave, Inc","Houston, TX",2020-08-27T22:00:03.830268,7.85036775965924,5.516,734359815.250155,439460625.590814
25206,"PS Lightwave, Inc","Houston, TX",2020-08-27T23:00:03.037412,7.85036775965924,9.798,812158798.052579,167898157.837658
25206,"PS Lightwave, Inc","Houston, TX",2020-08-28T00:00:03.091301,7.85036775965924,5.542,847977201.673311,384924977.801423
25206,"PS Lightwave, Inc","Houston, TX",2020-08-28T01:00:03.766341,7.85036775965924,6.33,877882036.166609,2369225.61996577
25206,"PS Lightwave, Inc","Houston, TX",2020-08-28T02:00:04.332437,7.85036775965924,7.023,743918928.30576,399841805.41182
25206,"PS Lightwave, Inc","Houston, TX",2020-08-28T03:00:03.941264,7.85036775965924,5.964,756151561.804562,461001788.57398
25206,"PS Lightwave, Inc","Houston, TX",2020-08-28T04:00:03.851164,7.85036775965924,6.76,681161000.438442,286841219.367431
25206,"PS Lightwave, Inc","Houston, TX",2020-08-28T05:00:03.076832,7.85036775965924,6.195,850087659.529662,489480126.168491
31868,Southern Broadband,"Houston, TX",2020-08-28T06:00:03.066694,7.57863430668613,16.918,509884686.249319,446854616.367584
25206,"PS Lightwave, Inc","Houston, TX",2020-08-28T07:00:02.661978,7.85036775965924,5.551,854141139.528086,527180725.461979
